Model,Defense,Attack,Epsilon,SampleScope,CleanMacroF1,AttackMacroF1,MacroF1Drop,MacroF1Retention,CleanAUC,AttackAUC,AUCdrop,AUCRetention,CleanHamming,AttackHamming,HammingIncrease,MicroF1Change
Fine-tuned,None,FGSM,8.0,Full test,0.20044548382020763,0.1344787840737211,0.06596669974648653,0.6708995459051785,0.784159751034942,0.7039997794207411,0.08015997161420085,0.8977759678325686,0.07170607170607171,0.14502164502164502,0.07331557331557331,-0.06665268028260057
Fine-tuned,None,FGSM,16.0,Full test,0.20044548382020763,0.0985455351694586,0.10189994865074903,0.4916326039944626,0.784159751034942,0.6729621115225187,0.11119763951242323,0.8581951708619787,0.07170607170607171,0.1734931734931735,0.10178710178710179,-0.0958980806632222
Fine-tuned,None,FGSM,32.0,Full test,0.20044548382020763,0.08797035602401135,0.11247512779619628,0.43887422329214254,0.784159751034942,0.6419247734816683,0.14223497755327363,0.8186147945421192,0.07170607170607171,0.19594294594294595,0.12423687423687424,-0.11432751526922388
Fine-tuned,None,PGD,8.0,Full test,0.20044548382020763,0.10541938894019731,0.09502609488001032,0.5259254882227963,0.784159751034942,0.6711111038654536,0.11304864716948837,0.8558346726922854,0.07170607170607171,0.26162726162726163,0.18992118992118992,-0.1340815131144303
Fine-tuned,None,PGD,16.0,Full test,0.20044548382020763,0.08661010405605815,0.11383537976414948,0.4320880790397068,0.784159751034942,0.6062904864821066,0.17786926455283536,0.7731721574359285,0.07170607170607171,0.3175990675990676,0.24589299589299587,-0.15464414996744738
Fine-tuned,None,PGD,32.0,Full test,0.20044548382020763,0.07465811780318195,0.12578736601702567,0.37246096235397147,0.784159751034942,0.5905276072817335,0.19363214375320847,0.7530705401576008,0.07170607170607171,0.3436563436563437,0.271950271950272,-0.1604843555947278
Fine-tuned,None,DeepFool,8.0,Full test,0.20044548382020763,0.049235825914424824,0.1512096579057828,0.24563200415424466,0.784159751034942,0.501095840131357,0.28306391090358496,0.6390226474516266,0.07170607170607171,0.47644022644022643,0.40473415473415475,-0.19476365310692267
Fine-tuned,None,DeepFool,16.0,Full test,0.20044548382020763,0.03699341334729594,0.1634520704729117,0.18455598321425737,0.784159751034942,0.33756388980670654,0.4465958612282354,0.43047846993063127,0.07170607170607171,0.6156343656343657,0.543928293928294,-0.21005511429255638
Fine-tuned,None,DeepFool,32.0,Full test,0.20044548382020763,0.032252107675971954,0.16819337614423568,0.160902141875648,0.784159751034942,0.22493606636577682,0.5592236846691652,0.2868497982316791,0.07170607170607171,0.7047674547674547,0.633061383061383,-0.2191093007764373
Fine-tuned,None,C&W,8.0,300-image attack subset,0.20824657138620156,0.05091842737907814,0.15732814400712342,0.24451027952171125,0.7793202199394476,0.4163647051064914,0.3629555148329562,0.5342665241495242,0.07595238095238095,0.4830952380952381,0.40714285714285714,-0.20289644651358535
Fine-tuned,None,C&W,16.0,300-image attack subset,0.20824657138620156,0.038221137135956276,0.1700254342502453,0.1835378939568405,0.7793202199394476,0.26230709399405155,0.5170131259453961,0.33658448386522366,0.07595238095238095,0.6514285714285715,0.5754761904761905,-0.22134416285013195
Fine-tuned,None,C&W,32.0,300-image attack subset,0.20824657138620156,0.03180058311877481,0.17644598826742675,0.15270639466999608,0.7793202199394476,0.14559822034063852,0.633721999598809,0.18682720737305053,0.07595238095238095,0.7666666666666667,0.6907142857142857,-0.23294154358227587
Fine-tuned,None,Square,8.0,300-image attack subset,0.20824657138620156,0.16575804519166576,0.0424885261945358,0.7959701045174034,0.7793202199394476,0.7507637422175387,0.028556477721908835,0.9633571964498397,0.07595238095238095,0.11547619047619048,0.03952380952380953,-0.05608447162582661
Fine-tuned,None,Square,16.0,300-image attack subset,0.20824657138620156,0.12385956916306098,0.08438700222314058,0.5947736298301809,0.7793202199394476,0.666091579650025,0.11322864028942259,0.8547084530949032,0.07595238095238095,0.18047619047619048,0.10452380952380953,-0.12362648689879813
Fine-tuned,None,Square,32.0,300-image attack subset,0.20824657138620156,0.07953651570617856,0.128710055680023,0.3819343347491418,0.7793202199394476,0.5888438575292168,0.1904763624102308,0.7555865258763199,0.07595238095238095,0.3597619047619048,0.28380952380952384,-0.1721124355340005
Fine-tuned,CLAHE,FGSM,8.0,Full test,0.10379905155658072,0.09478897188022321,0.009010079676357502,0.9131968978401876,0.6705591337340376,0.6561592082481297,0.01439992548590796,0.978525494976526,0.08158508158508158,0.09543234543234544,0.013847263847263855,-0.005159000090209365
Fine-tuned,CLAHE,FGSM,16.0,Full test,0.10379905155658072,0.08093818496297522,0.02286086659360549,0.7797584250454922,0.6705591337340376,0.6315495255704703,0.039009608163567355,0.9418252526867531,0.08158508158508158,0.10445110445110445,0.022866022866022864,-0.017142340632273517
Fine-tuned,CLAHE,FGSM,32.0,Full test,0.10379905155658072,0.061736408977269605,0.04206264257931111,0.5947685267973492,0.6705591337340376,0.598955443079591,0.0716036906544466,0.8932179325397921,0.08158508158508158,0.09052059052059053,0.008935508935508943,-0.04309907662754922
Fine-tuned,CLAHE,PGD,8.0,Full test,0.10379905155658072,0.08340853516405604,0.020390516392524677,0.8035577773905782,0.6705591337340376,0.6362079999944253,0.034351133739612294,0.9487724019978275,0.08158508158508158,0.12556887556887558,0.043983793983794,-0.027410413547162477
Fine-tuned,CLAHE,PGD,16.0,Full test,0.10379905155658072,0.07725549468463153,0.02654355687194919,0.7442793891283261,0.6705591337340376,0.6058235985504083,0.06473553518362929,0.9034603632596179,0.08158508158508158,0.15207015207015206,0.07048507048507048,-0.035636938903270576
Fine-tuned,CLAHE,PGD,32.0,Full test,0.10379905155658072,0.07180805937061852,0.0319909921859622,0.691798800603453,0.6705591337340376,0.5922822908142503,0.07827684291978732,0.8832663086939114,0.08158508158508158,0.15895215895215895,0.07736707736707736,-0.04217469885044817
Fine-tuned,CLAHE,DeepFool,8.0,Full test,0.10379905155658072,0.06011120083602741,0.043687850720553305,0.5791112725462706,0.6705591337340376,0.5555309475987109,0.11502818613532673,0.8284592956108325,0.08158508158508158,0.15700965700965702,0.07542457542457544,-0.07005412130372586
Fine-tuned,CLAHE,DeepFool,16.0,Full test,0.10379905155658072,0.04728419458148255,0.056514856975098164,0.4555359020376791,0.6705591337340376,0.5040523794581672,0.16650675427587047,0.7516896782112706,0.08158508158508158,0.18034743034743034,0.09876234876234875,-0.09393049206424013
Fine-tuned,CLAHE,DeepFool,32.0,Full test,0.10379905155658072,0.03401067969568415,0.06978837186089656,0.32765886764528845,0.6705591337340376,0.4681402095482521,0.20241892418578555,0.69813411822667,0.08158508158508158,0.15728715728715728,0.0757020757020757,-0.10395995351747565
Fine-tuned,CLAHE,C&W,8.0,300-image attack subset,0.20824657138620156,0.05997917534882858,0.148267396037373,0.2880199897149558,0.7793202199394476,0.5462012032806007,0.23311901665884682,0.7008687690960207,0.07595238095238095,0.1676190476190476,0.09166666666666666,-0.15891177218408342
Fine-tuned,CLAHE,C&W,16.0,300-image attack subset,0.20824657138620156,0.05579939377953007,0.15244717760667148,0.2679486793376678,0.7793202199394476,0.48253931961970614,0.2967809003197414,0.6191797765201049,0.07595238095238095,0.1976190476190476,0.12166666666666666,-0.17023980303489084
Fine-tuned,CLAHE,C&W,32.0,300-image attack subset,0.20824657138620156,0.03947883583227201,0.16876773555392954,0.18957736288035656,0.7793202199394476,0.4724703569676676,0.30684986297177996,0.6062595899338761,0.07595238095238095,0.1869047619047619,0.11095238095238096,-0.18387620110660313
Fine-tuned,CLAHE,Square,8.0,300-image attack subset,0.20824657138620156,0.09134121886496048,0.11690535252124108,0.43862051728844337,0.7793202199394476,0.6123186828385492,0.16700153710089838,0.785708707629998,0.07595238095238095,0.10071428571428571,0.024761904761904763,-0.10764664567143215
Fine-tuned,CLAHE,Square,16.0,300-image attack subset,0.20824657138620156,0.08749272554057788,0.12075384584562368,0.4201400530062948,0.7793202199394476,0.5884962062967135,0.19082401364273405,0.7551404303900123,0.07595238095238095,0.11952380952380952,0.043571428571428567,-0.11514072841303966
Fine-tuned,CLAHE,Square,32.0,300-image attack subset,0.20824657138620156,0.06843108922199452,0.13981548216420703,0.32860607868105707,0.7793202199394476,0.5216926755304688,0.2576275444089787,0.6694201718146153,0.07595238095238095,0.14952380952380953,0.07357142857142858,-0.13982897747802
Adversarially trained,Adversarial Training,FGSM,8.0,Full test,0.19752230078710564,0.1808275824580806,0.016694718329025054,0.9154793242965561,0.7712600632932759,0.7703316348222852,0.0009284284709907276,0.9987962186619306,0.07298257298257298,0.09071484071484072,0.017732267732267742,0.002954005111938496
Adversarially trained,Adversarial Training,FGSM,16.0,Full test,0.19752230078710564,0.16763611924787192,0.029886181539233725,0.8486946465278076,0.7712600632932759,0.7379638103255521,0.03329625296772376,0.9568287604241441,0.07298257298257298,0.1056998556998557,0.03271728271728272,-0.012785368453252344
Adversarially trained,Adversarial Training,FGSM,32.0,Full test,0.19752230078710564,0.14048785633501504,0.057034444452090605,0.7112506070210081,0.7712600632932759,0.695133430153149,0.07612663314012691,0.901295766806508,0.07298257298257298,0.12734487734487734,0.05436230436230437,-0.04319052859484562
Adversarially trained,Adversarial Training,PGD,8.0,Full test,0.19752230078710564,0.16018701573258703,0.03733528505451861,0.8109819250497721,0.7712600632932759,0.7524184130138041,0.018841650279471822,0.9755703021896167,0.07298257298257298,0.12551337551337552,0.05253080253080254,-0.03390350313214377
Adversarially trained,Adversarial Training,PGD,16.0,Full test,0.19752230078710564,0.1214838548565327,0.07603844593057295,0.6150386785311445,0.7712600632932759,0.7166359667071657,0.05462409658611023,0.9291755152563382,0.07298257298257298,0.19658119658119658,0.1235986235986236,-0.08561763578037751
Adversarially trained,Adversarial Training,PGD,32.0,Full test,0.19752230078710564,0.10350509794719455,0.0940172028399111,0.5240172756936183,0.7712600632932759,0.6835074744579295,0.08775258883534642,0.8862217907917552,0.07298257298257298,0.23196248196248195,0.158979908979909,-0.105108989308444
Adversarially trained,Adversarial Training,DeepFool,8.0,Full test,0.19752230078710564,0.10287523791318477,0.09464706287392087,0.5208284710295381,0.7712600632932759,0.6920357542157836,0.07922430907749234,0.8972793836372066,0.07298257298257298,0.22358197358197357,0.15059940059940058,-0.13211949813934598
Adversarially trained,Adversarial Training,DeepFool,16.0,Full test,0.19752230078710564,0.047347175987539666,0.15017512479956596,0.2397054702120527,0.7712600632932759,0.4782913823642854,0.2929686809289905,0.6201428093164633,0.07298257298257298,0.45582195582195584,0.38283938283938285,-0.19023151597181545
Adversarially trained,Adversarial Training,DeepFool,32.0,Full test,0.19752230078710564,0.02990677687212218,0.16761552391498347,0.15140962186521123,0.7712600632932759,0.30155508042797535,0.46970498286530055,0.3909901403948455,0.07298257298257298,0.5916028416028416,0.5186202686202687,-0.20331819493513872
Adversarially trained,Adversarial Training,C&W,8.0,300-image attack subset,0.2222957851634322,0.12340851256284349,0.09888727260058872,0.5551545319319183,0.785294311721764,0.6948952826044551,0.0903990291173089,0.8848851599101637,0.07047619047619047,0.2280952380952381,0.15761904761904763,-0.13249544626593807
Adversarially trained,Adversarial Training,C&W,16.0,300-image attack subset,0.2222957851634322,0.050268019019108004,0.1720277661443242,0.22613122863373625,0.785294311721764,0.4418133672042354,0.3434809445175286,0.5626086431666061,0.07047619047619047,0.45071428571428573,0.38023809523809526,-0.19945409429280397
Adversarially trained,Adversarial Training,C&W,32.0,300-image attack subset,0.2222957851634322,0.028681248717551417,0.19361453644588078,0.12902290835818106,0.785294311721764,0.21333684228067293,0.571957469441091,0.2716648256536205,0.07047619047619047,0.5788095238095238,0.5083333333333333,-0.21595753047581598
Adversarially trained,Adversarial Training,Square,8.0,300-image attack subset,0.2222957851634322,0.2070459176327118,0.015249867530720412,0.931398305552628,0.785294311721764,0.7569062898962682,0.028388021825495824,0.9638504680324822,0.07047619047619047,0.10095238095238095,0.030476190476190476,-0.02258992805755397
Adversarially trained,Adversarial Training,Square,16.0,300-image attack subset,0.2222957851634322,0.17967811937574113,0.04261766578769108,0.8082839683336394,0.785294311721764,0.7310186668390475,0.05427564488271652,0.9308849636721337,0.07047619047619047,0.12833333333333333,0.05785714285714286,-0.058518518518518525
Adversarially trained,Adversarial Training,Square,32.0,300-image attack subset,0.2222957851634322,0.12694176999834234,0.09535401516508987,0.5710489288180365,0.785294311721764,0.6939639100567147,0.09133040166504935,0.8836991427267482,0.07047619047619047,0.2211904761904762,0.15071428571428572,-0.1146458141674333
Adversarially trained,Adversarial Training + CLAHE,FGSM,8.0,Full test,0.11971989171644234,0.12617251076414018,-0.0064526190476978385,1.0538976351814695,0.6631084099508986,0.6829164524590192,-0.019808042508120627,1.029871499457513,0.15523365523365523,0.13983238983238983,-0.015401265401265407,0.018278011270792816
Adversarially trained,Adversarial Training + CLAHE,FGSM,16.0,Full test,0.11971989171644234,0.12272197584577282,-0.003002084129330479,1.0250759008072021,0.6631084099508986,0.6658651424418679,-0.0027567324909693047,1.0041572877822096,0.15523365523365523,0.1293151293151293,-0.02591852591852592,0.025547731453422207
Adversarially trained,Adversarial Training + CLAHE,FGSM,32.0,Full test,0.11971989171644234,0.08557893937172913,0.03414095234471322,0.7148264014005594,0.6631084099508986,0.6165565263669668,0.04655188358393181,0.9297974767242375,0.15523365523365523,0.10353535353535354,-0.051698301698301696,0.0065427595759748325
Adversarially trained,Adversarial Training + CLAHE,PGD,8.0,Full test,0.11971989171644234,0.12181400236156976,-0.00209411064512742,1.0174917519144382,0.6631084099508986,0.6657250087126069,-0.0026165987617082775,1.0039459592465463,0.15523365523365523,0.15806415806415808,0.0028305028305028457,0.011052988914377837
Adversarially trained,Adversarial Training + CLAHE,PGD,16.0,Full test,0.11971989171644234,0.10218732244791266,0.017532569268529682,0.853553415249859,0.6631084099508986,0.6600960042814964,0.003012405669402196,0.9954571445269028,0.15523365523365523,0.17071817071817072,0.015484515484515488,0.003495079686594099
Adversarially trained,Adversarial Training + CLAHE,PGD,32.0,Full test,0.11971989171644234,0.0915966929286597,0.028123198787782647,0.7650916787129017,0.6631084099508986,0.6515086195010442,0.011599790449854375,0.9825069471661303,0.15523365523365523,0.16896991896991898,0.013736263736263743,0.00013057439677138793
Adversarially trained,Adversarial Training + CLAHE,DeepFool,8.0,Full test,0.11971989171644234,0.08893838536023688,0.030781506356205468,0.7428872853551208,0.6631084099508986,0.615449361307323,0.04765904864357562,0.9281278175206605,0.15523365523365523,0.21803196803196803,0.0627983127983128,-0.02642844063136919
Adversarially trained,Adversarial Training + CLAHE,DeepFool,16.0,Full test,0.11971989171644234,0.06311766880041818,0.05660222291602417,0.5272112085593341,0.6631084099508986,0.5396080553362408,0.1235003546146578,0.8137554089778432,0.15523365523365523,0.2843267843267843,0.1290931290931291,-0.05661560695272455
Adversarially trained,Adversarial Training + CLAHE,DeepFool,32.0,Full test,0.11971989171644234,0.04206195856560375,0.0776579331508386,0.35133642340094895,0.6631084099508986,0.4792519829510237,0.18385642699987487,0.7227354920540233,0.15523365523365523,0.2798590298590299,0.12462537462537465,-0.07279545935032271
Adversarially trained,Adversarial Training + CLAHE,C&W,8.0,300-image attack subset,0.11775449304472306,0.09376898685905158,0.023985506185671482,0.7963092059972454,0.700085475251916,0.6066726749886228,0.09341280026329324,0.8665694353540474,0.15357142857142858,0.23285714285714285,0.07928571428571426,-0.01456919212287
Adversarially trained,Adversarial Training + CLAHE,C&W,16.0,300-image attack subset,0.11775449304472306,0.07460206699068568,0.04315242605403738,0.6335390273588276,0.700085475251916,0.5356912494382817,0.16439422581363428,0.7651797792912653,0.15357142857142858,0.3028571428571429,0.1492857142857143,-0.0430724970787522
Adversarially trained,Adversarial Training + CLAHE,C&W,32.0,300-image attack subset,0.11775449304472306,0.04743310968936731,0.07032138335535576,0.4028135866658799,0.700085475251916,0.4806694278846564,0.21941604736725961,0.6865867738674255,0.15357142857142858,0.3007142857142857,0.14714285714285713,-0.064001033011676
Adversarially trained,Adversarial Training + CLAHE,Square,8.0,300-image attack subset,0.11775449304472306,0.12838869838266373,-0.01063420533794067,1.0903082766778318,0.700085475251916,0.6526141564411072,0.047471318810808794,0.932192110122372,0.15357142857142858,0.17214285714285715,0.018571428571428572,0.01045104246993292
Adversarially trained,Adversarial Training + CLAHE,Square,16.0,300-image attack subset,0.11775449304472306,0.1152316594106042,0.0025228336341188567,0.9785754787873726,0.700085475251916,0.6272244065067535,0.07286106874516252,0.8959254672167788,0.15357142857142858,0.1788095238095238,0.025238095238095226,0.005874963107642239
Adversarially trained,Adversarial Training + CLAHE,Square,32.0,300-image attack subset,0.11775449304472306,0.09172447383519819,0.02603001920952487,0.7789467005760987,0.700085475251916,0.6206738741789359,0.07941160107298006,0.8865687064220196,0.15357142857142858,0.19166666666666668,0.0380952380952381,-0.007849833850065241
